{
  "Total" : {
    "transaction" : "Total",
    "sampleCount" : 2000,
    "errorCount" : 0,
    "errorPct" : 0.0,
    "meanResTime" : 31.414500000000007,
    "medianResTime" : 32.0,
    "minResTime" : 9.0,
    "maxResTime" : 74.0,
    "pct1ResTime" : 42.0,
    "pct2ResTime" : 46.0,
    "pct3ResTime" : 51.0,
    "throughput" : 33.36725671098951,
    "receivedKBytesPerSec" : 9814.405941613557,
    "sentKBytesPerSec" : 5.635726399964964
  },
  "HTTP Request POST" : {
    "transaction" : "HTTP Request POST",
    "sampleCount" : 1000,
    "errorCount" : 0,
    "errorPct" : 0.0,
    "meanResTime" : 27.453999999999994,
    "medianResTime" : 29.0,
    "minResTime" : 9.0,
    "maxResTime" : 56.0,
    "pct1ResTime" : 38.0,
    "pct2ResTime" : 38.0,
    "pct3ResTime" : 40.0,
    "throughput" : 16.703135178472998,
    "receivedKBytesPerSec" : 9.181945033113966,
    "sentKBytesPerSec" : 3.6686054917820576
  },
  "HTTP Request GET" : {
    "transaction" : "HTTP Request GET",
    "sampleCount" : 1000,
    "errorCount" : 0,
    "errorPct" : 0.0,
    "meanResTime" : 35.375,
    "medianResTime" : 34.5,
    "minResTime" : 19.0,
    "maxResTime" : 74.0,
    "pct1ResTime" : 46.0,
    "pct2ResTime" : 48.0,
    "pct3ResTime" : 55.99000000000001,
    "throughput" : 16.694212116659155,
    "receivedKBytesPerSec" : 9811.454965145615,
    "sentKBytesPerSec" : 1.9726559239411694
  }
}